,line,token,lemma,error_type
0,25,ὅτι,ὅτι2,2
1,189,δεησόμεθα,δέω2,2
2,345,ὧν,ὅς2,2
3,450,δεομένῳ,δέω2,2
4,505,ἃ,ὅς2,2
5,507,ὅτι,ὅτι2,2
6,525,ὅτι,ὅτι2,2
7,619,ἀπῄει,ἄπειμι2,2
8,661,ᾧ,ὅς2,2
9,909,ᾧ,ὅς2,2
10,984,δεομένων,δέω2,2
11,1042,χρωμένους,χράω2,2
12,1116,παριόντος,πάρειμι2,2
13,1428,χρώμενον,χράω2,2
14,1453,χρώμενος,χράω2,2
15,1497,ᾧ,ὅς2,2
16,1515,ὅτι,ὅτι2,2
17,1541,περιϊὼν,περίειμι2,2
18,1565,δεομένη,δέω2,2
19,1655,ἣν,ὅς2,2
20,1759,παριόντας,πάρειμι2,2
21,1974,οἷς,ὅς2,2
22,1981,ἔθυσε,θύω2,2
23,2033,οἷς,ὅς2,2
24,2081,θύσαντες,θύω2,2
25,2101,ὃν,ὅς2,2
26,2488,ἔθυον,θύω2,2
27,2494,συνιόντες,σύνειμι2,2
28,2539,θύσειν,θύω2,2
29,2574,ὅτι,ὅτι2,2
30,2633,δεηθέντες,δέω2,2
31,2715,ὅτι,ὅτι2,2
32,2979,οἷς,ὅς2,2
33,2996,ὅτι,ὅτι2,2
34,3068,δεόμενος,δέω2,2
35,3384,θύοντι,θύω2,2
36,3599,ὅτι,ὅτι2,2
37,3673,οὓς,ὅς2,2
38,3852,ἐρῶντος,ἐράω2,2
39,3907,ὧν,ὅς2,2
40,3925,ἃ,ὅς2,2
41,4045,θύειν,θύω2,2
42,4090,ᾧ,ὅς2,2
43,4111,ὧν,ὅς2,2
44,4145,ἧς,ὅς2,2
45,4195,θύσας,θύω2,2
46,4211,ἣν,ὅς2,2
47,4223,περιόδων,περίοδος2,2
48,4300,ᾧ,ὅς2,2
49,4325,ἔθυε,θύω2,2
50,4453,ὧν,ὅς2,2
51,4596,ᾧ,ὅς2,2
52,4779,ὅτι,ὅτι2,2
53,4911,ἐπιὼν,ἔπειμι2,2
54,5017,ἔθυσε,θύω2,2
55,5028,ἣν,ὅς2,2
56,5031,θύουσι,θύω2,2
57,5210,ὅτι,ὅτι2,2
58,5301,ὧν,ὅς2,2
59,5484,ὧν,ὅς2,2
60,5605,ἐρῶντα,ἐράω2,2
61,5720,ἣν,ὅς2,2
62,5911,θύουσιν,θύω2,2
63,6184,ὧν,ὅς2,2
64,6224,ἣν,ὅς2,2
65,6402,ὧν,ὅς2,2
66,6456,δεηθέντα,δέω2,2
67,6519,ὅτι,ὅτι2,2
68,6565,οἷς,ὅς2,2
69,6659,ἣν,ὅς2,2
70,6693,ἐδεήθη,δέω2,2
71,6837,δεομένῳ,δέω2,2
72,6861,ὥραν,ὥρα2,2
73,6991,ὥραν,ὥρα2,2
74,7148,χρῆσθαι,χράω2,2
75,7246,ᾧ,ὅς2,2
76,7356,οὗ,ὅς2,2
77,7553,ἄνω,ἄνω2,2
78,7611,ὃν,ὅς2,2
79,7704,ἃ,ὅς2,2
80,7806,οὓς,ὅς2,2
81,8218,ᾗ,ὅς2,2
82,8300,ὃν,ὅς2,2
83,8368,ὅτι,ὅτι2,2
84,8425,ὧν,ὅς2,2
85,8443,δεῖ,δέω2,2
86,8447,ὅτι,ὅτι2,2
87,8459,ὥρᾳ,ὥρα2,2
88,8520,οἷς,ὅς2,2
89,8695,ἐπῄει,ἔπειμι2,2
90,8712,παρόδῳ,πάροδος2,2
91,8832,χρωμένῳ,χράω2,2
92,8882,ὧν,ὅς2,2
93,8950,ὅτι,ὅτι2,2
94,9001,ὅτι,ὅτι2,2
95,9048,ὥρας,ὥρα2,2
96,9067,ἣν,ὅς2,2
97,9299,ἐρῶν,ἐράω2,2
98,9396,ἃ,ὅς2,2
99,9415,ἐχρῆτο,χράω2,2
100,9442,δεόμενον,δέω2,2
101,9581,ἐδέοντο,δέω2,2
102,9680,ἐρώμενον,ἐράω2,2
103,9749,ὥραν,ὥρα2,2
104,9910,ἀπιὼν,ἄπειμι2,2
105,10256,ἀπιοῦσα,ἄπειμι2,2
106,10382,ὃν,ὅς2,2
107,10400,ὅτι,ὅτι2,2
108,10437,πάροδον,πάροδος2,2
109,10452,παριόντα,πάρειμι2,2
110,10482,ὃν,ὅς2,2
111,10562,ὅτι,ὅτι2,2
112,10623,ἃ,ὅς2,2
113,10624,δεῖ,δέω2,2
114,10630,δεῖ,δέω2,2
115,10908,ᾧ,ὅς2,2
116,11024,ᾧ,ὅς2,2
117,11030,ὅτι,ὅτι2,2
118,11040,ἐχρῆτο,χράω2,2
119,11092,ἣν,ὅς2,2
120,11107,ἐχρῆτο,χράω2,2
121,11131,ᾧ,ὅς2,2
122,11155,ὅτι,ὅτι2,2
123,11443,ὅτι,ὅτι2,2
124,11567,ὅτι,ὅτι2,2
125,11591,κύριοι,κύριος2,2
126,11686,οἷς,ὅς2,2
127,11822,ᾧ,ὅς2,2
128,11947,ὅτι,ὅτι2,2
129,12260,ὅτι,ὅτι2,2
130,12474,ἃ,ὅς2,2
131,12652,δεῖσθαι,δέω2,2
132,12669,ὧν,ὅς2,2
133,12679,ἄκων,ἄκων2,2
134,12855,ὅτι,ὅτι2,2
135,12932,συνιοῦσα,σύνειμι2,2
136,13212,παριὼν,πάρειμι2,2
137,13273,ἀποδεούσας,ἀποδέω2,2
138,13447,ὧν,ὅς2,2
139,13514,ὅτι,ὅτι2,2
140,13564,οὗ,ὅς2,2
141,13582,ὃν,ὅς2,2
142,13772,οὓς,ὅς2,2
143,13843,χρῆσθαι,χράω2,2
144,13875,ἀπιόντος,ἄπειμι2,2
145,13884,ἀργὸν,ἀργός2,2
146,13912,ὄγκος,ὄγκος2,2
147,13935,οὓς,ὅς2,2
148,14009,ὅτι,ὅτι2,2
149,14023,ὅτι,ὅτι2,2
150,14133,ὧν,ὅς2,2
151,14200,ὧν,ὅς2,2
152,14298,χρώμενον,χράω2,2
153,14348,ὀξυτέρας,ὀξύς2,2
154,14415,ὄγκῳ,ὄγκος2,2
155,14441,ὅτι,ὅτι2,2
156,14444,χρώμενος,χράω2,2
157,14594,ὅτι,ὅτι2,2
158,14613,οὓς,ὅς2,2
159,14872,ὧν,ὅς2,2
160,15056,ὧν,ὅς2,2
161,15149,δεόμενον,δέω2,2
162,15333,ὅτι,ὅτι2,2
163,15540,ἄκων,ἄκων2,2
164,15688,ὃν,ὅς2,2
165,15747,ὅτι,ὅτι2,2
166,15825,ὅτι,ὅτι2,2
167,15934,ᾧ,ὅς2,2
168,16076,ὧν,ὅς2,2
169,16443,ἀπορίομες,ἀπορέω2,2
170,16606,ὅτι,ὅτι2,2
171,16608,λείαν,λεία2,2
172,16640,λείαν,λεία2,2
173,16876,ᾧ,ὅς2,2
174,16932,δεηθέντας,δέω2,2
175,17288,οἷς,ὅς2,2
176,17371,ἃ,ὅς2,2
177,17508,προσιόντες,πρόσειμι2,2
178,17903,παρόδων,πάροδος2,2
179,18101,ἐρᾶν,ἐράω2,2
180,18173,οὓς,ὅς2,2
181,18237,ὧν,ὅς2,2
182,18292,ἧς,ὅς2,2
183,18569,ἃ,ὅς2,2
184,18604,ἃ,ὅς2,2
185,18709,ὅτι,ὅτι2,2
186,18801,ἀπῄει,ἄπειμι2,2
187,18812,ὅτι,ὅτι2,2
188,18859,ὅτι,ὅτι2,2
189,19016,δεήσεσθαι,δέω2,2
190,19024,ἀνόδου,ἄνοδος2,2
191,19093,ὧν,ὅς2,2
192,19192,ἐπῄει,ἔπειμι2,2
193,19199,ὧν,ὅς2,2
194,19300,θείῳ,θεῖος2,2
195,19574,ᾗ,ὅς2,2
196,19607,ὅτι,ὅτι2,2
197,19665,ὧν,ὅς2,2
198,19769,ὧν,ὅς2,2
199,19784,ἣν,ὅς2,2
200,19887,ἀπειλοῦντα,ἀπειλέω2,2
201,19920,δεόμεναι,δέω2,2
202,20033,ὥρᾳ,ὥρα2,2
203,20091,ὧν,ὅς2,2
204,20176,ὥρα,ὥρα2,2
205,20438,ὧν,ὅς2,2
206,20713,ἣν,ὅς2,2
207,20903,ὅτι,ὅτι2,2
208,21130,ἔθυε,θύω2,2
209,21156,ὅτι,ὅτι2,2
210,21181,ὅτι,ὅτι2,2
211,21206,ἣν,ὅς2,2
212,21273,ὧν,ὅς2,2
213,21354,ὄγκον,ὄγκος2,2
214,21535,ὧν,ὅς2,2
215,21659,δεομένην,δέω2,2
216,21703,ὧν,ὅς2,2
217,21719,ἀποροῦντι,ἀπορέω2,2
218,21897,δεομένων,δέω2,2
219,22001,δεομένων,δέω2,2
220,22068,χρώμενοι,χράω2,2
221,22132,ἐχρῶντο,χράω2,2
222,22444,οὓς,ὅς2,2
223,22458,ὅτι,ὅτι2,2
224,22677,χρησόμενος,χράω2,2
225,22694,ἐδεῖτο,δέω2,2
226,22801,δεομένους,δέω2,2
227,22937,προσιόντος,πρόσειμι2,2
228,23000,ἣν,ὅς2,2
229,23585,οὓς,ὅς2,2
230,23749,σύνοδον,σύνοδος2,2
231,23750,ὀξεῖαν,ὀξύς2,2
232,23826,δεομένοις,δέω2,2
233,24031,χρωμένων,χράω2,2
234,24076,ἃ,ὅς2,2
235,24105,οὓς,ὅς2,2
236,24119,χρωμένους,χράω2,2
237,24434,ἧς,ὅς2,2
238,24493,ἣν,ὅς2,2
239,24517,ὃν,ὅς2,2
240,24597,ὅτι,ὅτι2,2
241,24828,ἃ,ὅς2,2
242,24897,ἀργὰ,ἀργός2,2
243,25047,ὧν,ὅς2,2
244,25266,ἐπιοῦσαν,ἔπειμι2,2
245,25347,οἷς,ὅς2,2
246,25508,ἐπιόντων,ἔπειμι2,2
247,25524,οὓς,ὅς2,2
248,25634,ὅτι,ὅτι2,2
249,25654,ἐλυμήναντο,λυμαίνομαι2,2
250,25670,πρεσβύτας,πρεσβύτης2,2
251,25745,ᾗ,ὅς2,2
252,25820,ἃ,ὅς2,2
253,25852,ᾧ,ὅς2,2
254,25982,χρώμενος,χράω2,2
255,26166,ἐδέοντο,δέω2,2
256,26398,ἧς,ὅς2,2
257,26729,ἄνω,ἄνω2,2
258,26816,ὀξὺ,ὀξύς2,2
259,26832,ἔφοδον,ἔφοδος3,2
260,26866,ᾧ,ὅς2,2
261,26941,ἄνω,ἄνω2,2
262,27481,κύριος,κύριος2,2
263,27485,δεομένοις,δέω2,2
264,27751,θύσας,θύω2,2
265,27786,ᾧ,ὅς2,2
266,27852,δεομένοις,δέω2,2
267,27984,οὓς,ὅς2,2
268,28090,δεομένων,δέω2,2
269,28373,χρῶνται,χράω2,2
270,28389,ἐχρῆτο,χράω2,2
271,28521,χρωμένους,χράω2,2
272,28542,ἀπορούντων,ἀπορέω2,2
273,28597,ὥρᾳ,ὥρα2,2
274,28796,περιίασι,περίειμι2,2
275,28969,ὥρᾳ,ὥρα2,2
276,28981,περίοδον,περίοδος2,2
277,29100,χρῆσθαι,χράω2,2
278,29128,ὥραν,ὥρα2,2
279,29727,οὗ,ὅς2,2
280,29763,ἀπορεῖν,ἀπορέω2,2
281,29875,ἣν,ὅς2,2
282,29958,δεῖσθαι,δέω2,2
283,30054,ἄκων,ἄκων2,2
284,30264,δεομένους,δέω2,2
285,30293,δεομένων,δέω2,2
286,30407,περιῄεσαν,περίειμι2,2
287,30427,ἐπῄει,ἔπειμι2,2
288,30486,ἣν,ὅς2,2
289,30609,ᾗ,ὅς2,2
290,30673,πρεσβύτῃ,πρεσβύτης2,2
291,30995,χρῆσθαι,χράω2,2
292,31022,λείας,λεία2,2
293,31091,ὥραν,ὥρα2,2
294,31263,ἐχρῶντο,χράω2,2
295,31651,θύειν,θύω2,2
296,31756,οὓς,ὅς2,2
297,31889,ἧς,ὅς2,2
298,31955,ὧν,ὅς2,2
299,31971,ἃ,ὅς2,2
300,32001,ἣν,ὅς2,2
301,32016,ἔθυε,θύω2,2
302,32353,θύειν,θύω2,2
303,32363,ὥρας,ὥρα2,2
304,32602,ἧς,ὅς2,2
305,32720,χρῆσθαι,χράω2,2
306,32732,χρώμενος,χράω2,2
307,32912,ὅτι,ὅτι2,2
308,32923,οὓς,ὅς2,2
309,32994,ὥρας,ὥρα2,2
310,33043,ὅτι,ὅτι2,2
311,33046,ᾧ,ὅς2,2
312,33092,ἐρωμένους,ἐράω2,2
313,33104,ᾧ,ὅς2,2
314,33138,ἅλα,ἅλς2,2
315,33253,χρῆσθαι,χράω2,2
316,33276,ὃν,ὅς2,2
317,33311,οὓς,ὅς2,2
318,33342,ὧν,ὅς2,2
319,33439,ᾧ,ὅς2,2
320,33463,οἷς,ὅς2,2
321,33610,οἷς,ὅς2,2
322,33615,δεῖται,δέω2,2
323,33666,δεομένην,δέω2,2
324,33684,δεόμενοι,δέω2,2
325,33699,ὃν,ὅς2,2
326,33784,ᾗ,ὅς2,2
327,33826,κόρος,κόρος4,2
328,33914,δεομένων,δέω2,2
329,33931,θύσας,θύω2,2
330,33984,ὥραις,ὥρα2,2
331,34009,δεῖσθαι,δέω2,2
332,34139,οὓς,ὅς2,2
333,34174,ὃν,ὅς2,2
334,34189,οὓς,ὅς2,2
335,34284,ἣν,ὅς2,2
336,34428,ὧν,ὅς2,2
337,34472,ὄγκον,ὄγκος2,2
338,34737,ὧν,ὅς2,2
339,34741,ὅτι,ὅτι2,2
340,34769,ὅτι,ὅτι2,2
341,34818,ὅτι,ὅτι2,2
342,34874,οὓς,ὅς2,2
343,34898,ὅτι,ὅτι2,2
344,34904,κυρίους,κύριος2,2
345,35097,θύοντας,θύω2,2
346,35110,δέοιτο,δέω2,2
347,35279,ἃ,ὅς2,2
348,35333,ὀξέως,ὀξύς2,2
349,35375,ὧν,ὅς2,2
350,35433,ᾗ,ὅς2,2
351,35438,ἃ,ὅς2,2
352,35446,ἃ,ὅς2,2
353,35524,ὧν,ὅς2,2
354,35912,πρεσβύτην,πρεσβύτης2,2
355,35976,ἐπίσκοπον,ἐπίσκοπος2,2
356,36034,ὧν,ὅς2,2
357,36150,χρώμενοι,χράω2,2
358,36429,ὃν,ὅς2,2
359,36620,ἣν,ὅς2,2
360,36717,ἧς,ὅς2,2
361,36737,ὃν,ὅς2,2
362,36890,ἧς,ὅς2,2
363,36927,παρόδου,πάροδος2,2
364,37003,ὧν,ὅς2,2
365,37075,θύειν,θύω2,2
366,37082,ὧν,ὅς2,2
367,37109,θύειν,θύω2,2
368,37447,οὓς,ὅς2,2
369,37495,ἧς,ὅς2,2
370,37665,ἣν,ὅς2,2
371,37700,θύω,θύω2,2
372,37721,ᾧ,ὅς2,2
373,37722,χρώμενοι,χράω2,2
374,37736,θύουσιν,θύω2,2
375,37885,ᾧ,ὅς2,2
376,37935,ἃ,ὅς2,2
377,38034,ὅτι,ὅτι2,2
378,38119,συνόδους,σύνοδος2,2
379,38229,ἐχρῶντο,χράω2,2
380,38345,δεήσεσθαι,δέω2,2
381,38380,ᾧ,ὅς2,2
382,38383,χρῶνται,χράω2,2
383,38408,χρῆσθαι,χράω2,2
384,38473,ὅτι,ὅτι2,2
385,38497,ὅτι,ὅτι2,2
386,38573,ᾧ,ὅς2,2
387,38574,θύουσί,θύω2,2
388,38609,ὥρας,ὥρα2,2
389,38892,ὃν,ὅς2,2
390,39086,ἐνδεῖν,ἐνδέω2,2
391,39193,ἣν,ὅς2,2
392,39305,ᾧ,ὅς2,2
393,39388,ὧν,ὅς2,2
394,39424,οἷς,ὅς2,2
395,39473,ἣν,ὅς2,2
396,40243,ὅτι,ὅτι2,2
397,40420,ὅτι,ὅτι2,2
398,40530,ἣν,ὅς2,2
399,40575,χρώμενος,χράω2,2
400,40609,ἧς,ὅς2,2
401,40616,ἃ,ὅς2,2
402,40653,ὅτι,ὅτι2,2
403,40709,ἣν,ὅς2,2
404,40939,οὓς,ὅς2,2
405,41177,ὅτι,ὅτι2,2
406,41268,δεῖσθαι,δέω2,2
407,41662,ὅτι,ὅτι2,2
408,41668,χρῆσαι,χράω2,2
409,41694,ὅτι,ὅτι2,2
410,41837,ὅτι,ὅτι2,2
411,41991,ἃ,ὅς2,2
412,42342,ᾧ,ὅς2,2
413,42368,παρόδων,πάροδος2,2
414,42502,δεομένων,δέω2,2
415,42595,δεόμενοι,δέω2,2
416,42610,ἀπορῶν,ἀπορέω2,2
417,42885,ὧν,ὅς2,2
418,43274,ἧς,ὅς2,2
419,43496,ὃν,ὅς2,2
420,43506,ὅτι,ὅτι2,2
421,43675,ἐπῄει,ἔπειμι2,2
422,43693,ἧς,ὅς2,2
423,43719,ἄνω,ἄνω2,2
424,43767,ὧν,ὅς2,2
425,43963,ὧν,ὅς2,2
426,43998,ὧν,ὅς2,2
427,44035,ὥραν,ὥρα2,2
428,44084,ὀξέως,ὀξύς2,2
429,44098,ὅτι,ὅτι2,2
430,44252,οὓς,ὅς2,2
431,44276,ἧς,ὅς2,2
432,44319,ἧς,ὅς2,2
433,44405,ὅτι,ὅτι2,2
434,44506,ὥρα,ὥρα2,2
435,44543,ὅτι,ὅτι2,2
436,44808,ἣν,ὅς2,2
437,44877,κεχρημένον,χράω2,2
438,45104,ὅτι,ὅτι2,2
439,45125,δεόμενον,δέω2,2
440,45187,ὅτι,ὅτι2,2
441,45496,ἣν,ὅς2,2
442,45696,ὧν,ὅς2,2
443,45825,ὥραν,ὥρα2,2
444,45968,ἣν,ὅς2,2
445,46062,οὓς,ὅς2,2
446,46321,οἷς,ὅς2,2
447,46402,δεηθεὶς,δέω2,2
448,46529,ἣν,ὅς2,2
449,46558,ὃν,ὅς2,2
450,46709,δεόμενος,δέω2,2
451,46713,ἀπειλῶν,ἀπειλέω2,2
452,46717,ὅτι,ὅτι2,2
453,46859,ἄνω,ἄνω2,2
454,47049,ὅτι,ὅτι2,2
455,47146,ἃ,ὅς2,2
456,47235,χρήσῃ,χράω2,2
457,47303,οὓς,ὅς2,2
458,47365,ἣν,ὅς2,2
459,47422,ᾧ,ὅς2,2
460,47481,ὧν,ὅς2,2
461,47522,ἣν,ὅς2,2
462,47605,θῦσαί,θύω2,2
463,47643,ὧν,ὅς2,2
464,47673,προσιών,πρόσειμι2,2
465,47748,ἃ,ὅς2,2
466,47942,ὃν,ὅς2,2
467,47973,δεηθεὶς,δέω2,2
468,47986,ὧν,ὅς2,2
469,47996,δεηθεῖεν,δέω2,2
470,48100,ἄνω,ἄνω2,2
471,48303,ἣν,ὅς2,2
472,48454,ἄνω,ἄνω2,2
473,48578,ἔθυσε,θύω2,2
474,48647,χρώμενον,χράω2,2
475,48710,ὧν,ὅς2,2
476,48840,ὅτι,ὅτι2,2
477,48858,ὅτι,ὅτι2,2
478,48895,τάφος,τάφος2,2
479,48964,Ἀμμωνίῳ,Ἀμμώνιος2,2
480,49009,οὓς,ὅς2,2
481,49028,ὧν,ὅς2,2
482,49041,ᾧ,ὅς2,2
483,49124,οἷς,ὅς2,2
484,49274,οὗ,ὅς2,2
485,49386,ὅτι,ὅτι2,2
486,49444,ἧς,ὅς2,2
487,49622,οἷς,ὅς2,2
488,49825,οἷς,ὅς2,2
489,49886,χρησόμενος,χράω2,2
490,49890,ὧν,ὅς2,2
491,49958,ὧν,ὅς2,2
492,50064,ἀκρασίαν,ἀκρασία2,2
493,50172,ὅτι,ὅτι2,2
494,50255,χρῆσθαι,χράω2,2
495,50321,θύσας,θύω2,2
496,50331,ᾧ,ὅς2,2
497,50519,ἥν,ὅς2,2
498,50564,ἕρμα,ἕρμα2,2
499,50615,ὅτι,ὅτι2,2
500,50656,ὅτι,ὅτι2,2
501,50708,ἣν,ὅς2,2
502,50736,ὥρας,ὥρα2,2
503,50738,ὥρας,ὥρα2,2
504,50776,ὧν,ὅς2,2
505,51012,οἷσι,ὅς2,2
506,51018,πρεσβύτας,πρεσβύτης2,2
507,51085,ὃν,ὅς2,2
508,51128,ἃ,ὅς2,2
509,51216,ὅτι,ὅτι2,2
510,51322,μετιόντας,μέτειμι2,2
511,51532,χρῆσθαι,χράω2,2
512,51544,ὄγκου,ὄγκος2,2
513,51558,δεῖσθαι,δέω2,2
514,51869,συνιόντας,σύνειμι2,2
515,51932,δεομένην,δέω2,2
516,52103,ὀξὺς,ὀξύς2,2
517,52302,ἣν,ὅς2,2
518,52320,ὧν,ὅς2,2
519,52467,θύσας,θύω2,2
520,52483,θύσας,θύω2,2
521,52539,θύσαντος,θύω2,2
522,52540,ἣν,ὅς2,2
523,52725,δεῖσθαι,δέω2,2
524,52766,δεῖ,δέω2,2
525,52778,ἀπίασι,ἄπειμι2,2
526,52865,ἣν,ὅς2,2
527,52943,χρῆσθαι,χράω2,2
528,53198,ἣν,ὅς2,2
529,53332,κόρων,κόρος4,2
530,53394,ἀπῄει,ἄπειμι2,2
531,53444,ἀκρασίας,ἀκρασία2,2
532,53479,ἐπῄει,ἔπειμι2,2
533,53604,ὅτι,ὅτι2,2
534,53613,ἣν,ὅς2,2
535,53634,ἐπιόντι,ἔπειμι2,2
536,53735,ἀπῄει,ἄπειμι2,2
537,53820,σύνοδος,σύνοδος2,2
538,53912,μετιόντων,μέτειμι2,2
539,54051,κυρίους,κύριος2,2
540,54243,ᾧ,ὅς2,2
541,54810,χρῆται,χράω2,2
542,54954,ἄνω,ἄνω2,2
543,55086,ὧν,ὅς2,2
544,55116,δεόμενον,δέω2,2
545,55164,ἀπορεῖν,ἀπορέω2,2
546,55228,δεῖ,δέω2,2
547,55286,ἐρᾶν,ἐράω2,2
548,55295,ἐρᾶν,ἐράω2,2
549,55327,ἐρώμενον,ἐράω2,2
550,55335,χρῆσθαι,χράω2,2
551,55418,ἀκρασία,ἀκρασία2,2
552,55444,ὅτι,ὅτι2,2
553,55576,οἷς,ὅς2,2
554,55596,ἔφοδον,ἔφοδος3,2
555,55607,ἐρᾶτε,ἐράω2,2
556,55675,χρέῃ,χράω2,2
557,55698,χρώμενοι,χράω2,2
558,55702,δέονται,δέω2,2
559,55712,ὅτι,ὅτι2,2
560,55730,ἃ,ὅς2,2
561,55793,χρώμενοι,χράω2,2
562,55889,χρῆσθαι,χράω2,2
563,56027,ὅτι,ὅτι2,2
564,56120,ὧν,ὅς2,2
565,56166,λῇς,λάω2,2
566,56192,ὧν,ὅς2,2
567,56205,οἷς,ὅς2,2
568,56206,ἐχρῶντο,χράω2,2
569,56392,ὅτι,ὅτι2,2
570,56404,ἐχρῶντο,χράω2,2
571,56653,ὅτι,ὅτι2,2
572,56784,ὅτι,ὅτι2,2
573,56897,ἃ,ὅς2,2
574,56908,οἷς,ὅς2,2
575,56977,ἐδεῖτο,δέω2,2
576,57110,συνιόντες,σύνειμι2,2
577,57260,ἀπῄει,ἄπειμι2,2
578,57266,ὅτι,ὅτι2,2
579,57460,κύριον,κύριος2,2
580,57547,ὅτι,ὅτι2,2
581,57572,περιῄει,περίειμι2,2
582,57607,ὅτι,ὅτι2,2
583,57620,ἀπῄει,ἄπειμι2,2
584,57651,ἣν,ὅς2,2
585,57662,ὅτι,ὅτι2,2
586,57788,θύσαντας,θύω2,2
587,57798,ἀργὸν,ἀργός2,2
588,57820,οἷς,ὅς2,2
589,57914,ὧν,ὅς2,2
590,57959,ἣν,ὅς2,2
591,58277,ᾧ,ὅς2,2
592,58320,ᾧ,ὅς2,2
593,58513,θύσας,θύω2,2
594,58546,χρωμένην,χράω2,2
595,58561,θύσας,θύω2,2
596,58623,ἀργὸν,ἀργός2,2
597,58655,ὧν,ὅς2,2
598,58669,χρῆσθαι,χράω2,2
599,58701,οὓς,ὅς2,2
600,58788,ὧν,ὅς2,2
601,58872,ᾧ,ὅς2,2
602,59024,ἐχρῶντο,χράω2,2
603,59303,θύουσι,θύω2,2
604,59428,σύνοδον,σύνοδος2,2
605,59468,δεηθέντος,δέω2,2
606,59509,οὗ,ὅς2,2
607,59612,οἷς,ὅς2,2
608,59652,ὅτι,ὅτι2,2
609,59786,δεομένων,δέω2,2
610,59918,ὧν,ὅς2,2
611,59998,θύειν,θύω2,2
612,60013,ἣν,ὅς2,2
613,60085,ὃν,ὅς2,2
614,60093,ἣν,ὅς2,2
615,60101,ᾧ,ὅς2,2
616,60203,οἷς,ὅς2,2
617,60247,ἃ,ὅς2,2
618,60312,ὅτι,ὅτι2,2
619,60377,ἀρωμάτων,ἄρωμα2,2
620,60591,ἄνω,ἄνω2,2
621,60821,ὅτι,ὅτι2,2
622,60973,χρήσῃ,χράω2,2
623,61017,ἡνίαν,ἡνία2,2
624,61027,ὅτι,ὅτι2,2
625,61067,ἡνίαις,ἡνία2,2
626,61099,χρώμενος,χράω2,2
627,61247,ἧς,ὅς2,2
628,61352,ἧς,ὅς2,2
629,61380,οὓς,ὅς2,2
630,61512,ἣν,ὅς2,2
631,61541,ἄνω,ἄνω2,2
632,61676,κύριος,κύριος2,2
633,61743,ἣν,ὅς2,2
634,61840,ἣν,ὅς2,2
635,62115,ὧν,ὅς2,2
636,62235,οὓς,ὅς2,2
637,62471,ὀξέως,ὀξύς2,2
638,62507,ὅτι,ὅτι2,2
639,62713,ἃ,ὅς2,2
640,63027,δεηθεὶς,δέω2,2
641,63130,δεόμενος,δέω2,2
642,63266,ὃν,ὅς2,2
643,63456,ὅτι,ὅτι2,2
644,63499,δεομένοις,δέω2,2
645,63527,ἔθυσε,θύω2,2
646,63556,ὅτι,ὅτι2,2
647,63660,οὓς,ὅς2,2
648,63711,ὥρας,ὥρα2,2
649,63818,ἐχρῶντο,χράω2,2
650,63843,ἧς,ὅς2,2
651,64007,πιστὰ,πιστός2,2
652,64086,ὧν,ὅς2,2
653,64260,ἧς,ὅς2,2
654,64278,οἷς,ὅς2,2
655,64314,ὄγκον,ὄγκος2,2
656,64562,ᾧ,ὅς2,2
657,64607,ἄνω,ἄνω2,2
658,64637,ὃν,ὅς2,2
659,64663,ἣν,ὅς2,2
660,64746,ἣν,ὅς2,2
661,65077,ἐδεῖτο,δέω2,2
662,65319,ὅτι,ὅτι2,2
663,65495,ἀρωμάτων,ἄρωμα2,2
664,65621,ὧν,ὅς2,2
665,65944,ὅτι,ὅτι2,2
666,66002,ὅτι,ὅτι2,2
667,66069,ἣν,ὅς2,2
668,66104,δεῖσθαι,δέω2,2
669,66236,ὃν,ὅς2,2
670,66255,θύσας,θύω2,2
671,66410,ὧν,ὅς2,2
672,66669,ἄπεισι,ἄπειμι2,2
673,66765,ἣν,ὅς2,2
674,66903,πυρᾷ,πυρά2,2
675,66931,ἐπιόντας,ἔπειμι2,2
676,67119,ἐχρῶντο,χράω2,2
677,67211,χρῶ,χράω2,2
678,67315,ὅτι,ὅτι2,2
679,67593,ἣν,ὅς2,2
680,67892,κυρίῳ,κύριος2,2
681,67895,χρήσαντος,χράω2,2
682,68026,ὅτι,ὅτι2,2
683,68228,ὅτι,ὅτι2,2
684,68389,ὃν,ὅς2,2
685,68415,ἀπιὼν,ἄπειμι2,2
686,68445,ὅτι,ὅτι2,2
687,68503,δεομένους,δέω2,2
688,68722,ἐνέδει,ἐνδέω2,2
689,68739,κύριος,κύριος2,2
690,68889,ὧν,ὅς2,2
691,68975,οἷς,ὅς2,2
692,68986,ὧν,ὅς2,2
693,69075,ὧν,ὅς2,2
694,69169,χρῆσθαι,χράω2,2
695,69684,ἐφόδου,ἔφοδος3,2
696,69708,ὅτι,ὅτι2,2
697,69807,χρῆσθαι,χράω2,2
698,69839,ἧς,ὅς2,2
699,69843,ἐχρῆτο,χράω2,2
700,69887,ἐφόδου,ἔφοδος3,2
701,70228,ὄγκον,ὄγκος2,2
702,70306,ἔθυε,θύω2,2
703,70341,ὅτι,ὅτι2,2
704,70410,ἐπιὼν,ἔπειμι2,2
705,70723,ᾧ,ὅς2,2
706,70748,ὀξεῖαν,ὀξύς2,2
707,70791,ὀξέως,ὀξύς2,2
708,71069,ὅν,ὅς2,2
709,71205,ὥρα,ὥρα2,2
710,71335,ὧν,ὅς2,2
711,71378,ὅτι,ὅτι2,2
712,71447,ὅτι,ὅτι2,2
713,71479,ὅτι,ὅτι2,2
714,71508,ἧς,ὅς2,2
715,71650,χρησόμενος,χράω2,2
716,71732,δεομένων,δέω2,2
717,71752,πιστὸν,πιστός2,2
718,71776,ὄγκον,ὄγκος2,2
719,71783,ἣν,ὅς2,2
720,71904,ᾧ,ὅς2,2
721,71958,ὅτι,ὅτι2,2
722,72017,χρωμένους,χράω2,2
723,72048,ὅτι,ὅτι2,2
724,72065,ὅτι,ὅτι2,2
725,72110,ὅτι,ὅτι2,2
726,72193,ὧν,ὅς2,2
727,72223,ὄγκον,ὄγκος2,2
728,72285,ὧν,ὅς2,2
729,72293,ὅτι,ὅτι2,2
730,72342,ὅτι,ὅτι2,2
731,72380,ἔθυσεν,θύω2,2
732,72384,θῦσαι,θύω2,2
733,72419,ἔδησεν,δέω2,2
734,72455,ἐρᾶν,ἐράω2,2
735,72460,ἀπιούσης,ἄπειμι2,2
736,72472,ὅτι,ὅτι2,2
737,72510,ὅτι,ὅτι2,2
738,72532,ὅτι,ὅτι2,2
739,72611,πάροδον,πάροδος2,2
740,72962,ᾧ,ὅς2,2
741,73120,ὅτι,ὅτι2,2
742,73296,ἐχρῆτο,χράω2,2
743,73388,χρώμενος,χράω2,2
744,73402,ὃν,ὅς2,2
745,73432,ὧν,ὅς2,2
746,73466,Ἑκαταῖος,Ἑκαταῖος2,2
747,73525,ᾧ,ὅς2,2
748,73634,ὅτι,ὅτι2,2
749,73661,ὅτι,ὅτι2,2
750,73786,ὅτι,ὅτι2,2
751,73792,ἧς,ὅς2,2
752,74000,ὅτι,ὅτι2,2
753,74030,ὄγκῳ,ὄγκος2,2
754,74044,χρώμενος,χράω2,2
755,74146,ἐρωμένην,ἐράω2,2
756,74314,ὃν,ὅς2,2
757,74504,οἷς,ὅς2,2
758,74615,οὓς,ὅς2,2
759,74664,ἣν,ὅς2,2
760,74761,θύων,θύω2,2
761,74799,ἐκθύσασθαι,ἐκθύω2,2
762,75062,δεομένους,δέω2,2
763,75132,ἃ,ὅς2,2
764,75173,μήλων,μῆλον2,2
765,75197,δεομένων,δέω2,2
766,75368,ἐπιοῦσαν,ἔπειμι2,2
767,75409,ἣν,ὅς2,2
768,75444,ὧν,ὅς2,2
769,75493,ὃν,ὅς2,2
770,75511,οἷς,ὅς2,2
771,75541,ὅτι,ὅτι2,2
772,75615,ὡρῶν,ὥρα2,2
773,75723,ὅτι,ὅτι2,2
774,75823,ὅτι,ὅτι2,2
775,75860,ἃ,ὅς2,2
776,75902,ᾧ,ὅς2,2
777,75955,ἀπιόντα,ἄπειμι2,2
778,75975,ὅτι,ὅτι2,2
779,76003,ἃ,ὅς2,2
780,76140,ἄπειμι,ἄπειμι2,2
781,76151,ὅτι,ὅτι2,2
782,76245,ὅτι,ὅτι2,2
783,76250,πρόσεισιν,πρόσειμι2,2
784,76571,δεομένοις,δέω2,2
785,76652,οὓς,ὅς2,2
786,76789,ὧν,ὅς2,2
787,77022,νεῖν,νέω3,2
788,77046,δεησόμενοι,δέω2,2
789,77147,ἀποδέουσαν,ἀποδέω2,2
790,77200,ὧν,ὅς2,2
791,77518,ἐπιόντα,ἔπειμι2,2
792,77728,ὥρας,ὥρα2,2
793,77772,ὄγκον,ὄγκος2,2
794,77877,ὧν,ὅς2,2
795,77892,ᾗ,ὅς2,2
796,77911,ἧς,ὅς2,2
797,78212,οὓς,ὅς2,2
798,78221,θύουσιν,θύω2,2
799,78284,ἀργὸς,ἀργός2,2
800,78616,θύσας,θύω2,2
801,78808,ὅτι,ὅτι2,2
802,78988,δεόμενος,δέω2,2
803,79222,ἣν,ὅς2,2
804,79234,ἔθυε,θύω2,2
805,79398,χρώμενος,χράω2,2
806,79574,ἐρώμενον,ἐράω2,2
807,79660,ἄνω,ἄνω2,2
808,79920,ὅτι,ὅτι2,2
809,79978,πυρὰν,πυρά2,2
810,80042,ᾧ,ὅς2,2
811,80083,πυρᾶς,πυρά2,2
812,80182,ᾧ,ὅς2,2
813,80349,οὓς,ὅς2,2
814,80448,οἷς,ὅς2,2
815,80449,ἐπιὼν,ἔπειμι2,2
816,80484,ὧν,ὅς2,2
817,80743,θύειν,θύω2,2
818,80754,χρώμενος,χράω2,2
819,80945,ὧν,ὅς2,2
820,80984,ὅτι,ὅτι2,2
821,81187,ὧν,ὅς2,2
822,81284,ὅτι,ὅτι2,2
823,81411,θυομένων,θύω2,2
824,81495,δεηθέντος,δέω2,2
825,81504,ἐπιοῦσαν,ἔπειμι2,2
826,81618,ἔθυσε,θύω2,2
827,81658,ἐπιοῦσαν,ἔπειμι2,2
828,81689,ἔθυσεν,θύω2,2
829,81899,ἣν,ὅς2,2
830,81941,ὅτι,ὅτι2,2
831,82101,ᾗ,ὅς2,2
832,82182,ὥραν,ὥρα2,2
833,82241,ὅτι,ὅτι2,2
834,82296,ὧν,ὅς2,2
835,82350,ἀπορήσας,ἀπορέω2,2
836,82416,ᾧ,ὅς2,2
837,82433,ᾧ,ὅς2,2
838,82461,ὥρη,ὥρα2,2
839,82635,ὅτι,ὅτι2,2
840,82749,ὅτι,ὅτι2,2
841,82905,περίοδος,περίοδος2,2
842,82942,ὃν,ὅς2,2
843,83098,ὅτι,ὅτι2,2
844,83236,ἃ,ὅς2,2
845,83269,ὅτι,ὅτι2,2
846,83323,ὅτι,ὅτι2,2
847,83345,ὅτι,ὅτι2,2
848,83388,ἃ,ὅς2,2
849,83467,ὅτι,ὅτι2,2
850,83520,ἃ,ὅς2,2
851,83547,ἃ,ὅς2,2
852,83592,ὧν,ὅς2,2
853,83618,ἧς,ὅς2,2
854,83698,οἷς,ὅς2,2
855,83796,χρώμενοι,χράω2,2
856,84003,ἧς,ὅς2,2
857,84081,ὅτι,ὅτι2,2
858,84104,πιστὸν,πιστός2,2
859,84256,χρῆσαι,χράω2,2
860,84360,ἧς,ὅς2,2
861,84559,ὅτι,ὅτι2,2
862,84614,ὃν,ὅς2,2
863,84621,ὃν,ὅς2,2
864,84687,οἷς,ὅς2,2
865,84840,οὗ,ὅς2,2
866,84972,δεόμενος,δέω2,2
867,85047,δεομένους,δέω2,2
868,85066,ὃν,ὅς2,2
869,85152,ᾧ,ὅς2,2
870,85470,πιστὸν,πιστός2,2
871,85514,ἐδέοντο,δέω2,2
872,85832,ὅτι,ὅτι2,2
873,85841,ἃ,ὅς2,2
874,85976,ἃ,ὅς2,2
875,86012,ὧν,ὅς2,2
876,86021,ἃ,ὅς2,2
877,86108,ὧν,ὅς2,2
878,86203,ὅτι,ὅτι2,2
879,86283,οἷς,ὅς2,2
880,86287,χρώμενος,χράω2,2
881,86298,ὅτι,ὅτι2,2
882,86391,ὧν,ὅς2,2
883,86425,ὅτι,ὅτι2,2
884,86467,οἷς,ὅς2,2
885,86538,ὅτι,ὅτι2,2
886,86607,ἔθυσάν,θύω2,2
887,86725,ὅτι,ὅτι2,2
888,86793,ἧς,ὅς2,2
889,86847,οἷς,ὅς2,2
890,86860,οἷς,ὅς2,2
891,86942,ὧν,ὅς2,2
892,86947,δεῖσθαι,δέω2,2
893,87096,ᾗ,ὅς2,2
894,87123,ἧς,ὅς2,2
895,87159,οὓς,ὅς2,2
896,87174,ἄνω,ἄνω2,2
897,87176,ἐπίσκοπον,ἐπίσκοπος2,2
898,87478,κύριος,κύριος2,2
899,87523,ᾧ,ὅς2,2
900,87556,ᾧ,ὅς2,2
901,87785,δεομένην,δέω2,2
902,87927,ᾧ,ὅς2,2
903,88173,χρωμένους,χράω2,2
904,88298,ἀργὸν,ἀργός2,2
905,88386,οἷς,ὅς2,2
906,88554,ὧν,ὅς2,2
907,88630,ἃ,ὅς2,2
908,88690,ἐχρῶντο,χράω2,2
909,88703,χρῆσθαι,χράω2,2
910,88893,ὅτι,ὅτι2,2
911,88918,ᾧ,ὅς2,2
912,88944,ὅτι,ὅτι2,2
913,88985,πιστοὺς,πιστός2,2
914,89030,ᾧ,ὅς2,2
915,89068,ὧν,ὅς2,2
916,89099,οἷσι,ὅς2,2
917,89113,οἷς,ὅς2,2
918,89210,συνόδου,σύνοδος2,2
919,89285,προσῄεσαν,πρόσειμι2,2
920,89317,ἣν,ὅς2,2
921,89325,ὅτι,ὅτι2,2
922,89434,ὧν,ὅς2,2
923,89480,Κλάριον,Κλάριος3,2
924,89668,οὓς,ὅς2,2
925,89689,δεηθέντι,δέω2,2
926,89794,ὧν,ὅς2,2
927,89827,δεομένῳ,δέω2,2
928,89866,ὅτι,ὅτι2,2
929,89874,ὅτι,ὅτι2,2
930,89993,θύσαντες,θύω2,2
931,90083,χρώμενον,χράω2,2
932,90104,ἔπεισι,ἔπειμι2,2
933,90113,ᾧ,ὅς2,2
934,90252,πυρᾶς,πυρά2,2
935,90293,ὃν,ὅς2,2
936,90306,ὅτι,ὅτι2,2
937,90317,ὃν,ὅς2,2
938,90326,ὧν,ὅς2,2
939,90338,ἀπίοι,ἄπειμι2,2
940,90343,ἣν,ὅς2,2
941,90486,οἷς,ὅς2,2
942,90498,χρῆσθαι,χράω2,2
943,90613,ἃ,ὅς2,2
944,90895,οἷς,ὅς2,2
945,90944,οἷς,ὅς2,2
946,90997,ὅτι,ὅτι2,2
947,91345,ὧν,ὅς2,2
948,91390,ᾧ,ὅς2,2
949,91415,ὃν,ὅς2,2
950,91475,ἃ,ὅς2,2
951,91847,ὧν,ὅς2,2
952,92023,κύριος,κύριος2,2
953,92133,ὧν,ὅς2,2
954,92333,προσιόντα,πρόσειμι2,2
955,92469,ᾧ,ὅς2,2
956,92500,ἃ,ὅς2,2
957,92537,ὀξύς,ὀξύς2,2
958,92651,ὧν,ὅς2,2
959,92730,ὃν,ὅς2,2
960,92817,ὅτι,ὅτι2,2
961,93041,ἧς,ὅς2,2
962,93123,θύοντας,θύω2,2
963,93246,κατέκλασε,κατακλάω2,2
964,93411,οὓς,ὅς2,2
965,93468,ὧν,ὅς2,2
966,93512,ἔθυσε,θύω2,2
967,93588,χρώμενος,χράω2,2
968,93776,ὧν,ὅς2,2
969,93883,οὓς,ὅς2,2
970,93938,οἷς,ὅς2,2
971,93974,οἷς,ὅς2,2
972,94040,ἐχρῶντο,χράω2,2
973,94432,ὧν,ὅς2,2
974,94586,οὓς,ὅς2,2
975,94658,ἐδεῖτο,δέω2,2
976,94730,προσιόντας,πρόσειμι2,2
977,94984,οὓς,ὅς2,2
978,95064,ἃ,ὅς2,2
979,95068,οἷς,ὅς2,2
980,95226,ὥρας,ὥρα2,2
981,95315,ὧν,ὅς2,2
982,95623,ὅτι,ὅτι2,2
983,95794,πιστῶς,πιστός2,2
984,95854,θύειν,θύω2,2
985,95977,ὃν,ὅς2,2
986,96022,χρῆται,χράω2,2
987,96038,ὅτι,ὅτι2,2
988,96045,ἔχρησε,χράω2,2
989,96120,ὅτι,ὅτι2,2
990,96131,χρῆται,χράω2,2
991,96238,ἐνδεόμενοι,ἐνδέω2,2
992,96317,ἧς,ὅς2,2
993,96352,ἀργῶς,ἀργός2,2
994,96462,ἣν,ὅς2,2
995,96466,ἣν,ὅς2,2
996,96603,χρώμενος,χράω2,2
997,96716,οἷς,ὅς2,2
998,96738,ἐφόδου,ἔφοδος3,2
999,96888,οὓς,ὅς2,2
1000,96972,δεομένου,δέω2,2
1001,97037,ἐπῄει,ἔπειμι2,2
1002,97076,οἷς,ὅς2,2
1003,97109,ὧν,ὅς2,2
1004,97139,ἐφόδου,ἔφοδος3,2
1005,97276,κύριος,κύριος2,2
1006,97485,ὧν,ὅς2,2
1007,97550,ὥρᾳ,ὥρα2,2
1008,97570,δεομένων,δέω2,2
1009,97612,ὅτι,ὅτι2,2
1010,97730,ἐδεήθησαν,δέω2,2
1011,97852,ἣν,ὅς2,2
1012,98108,ὀξέως,ὀξύς2,2
1013,98234,ὃν,ὅς2,2
1014,98260,ὅτι,ὅτι2,2
1015,98280,δεῖσθαι,δέω2,2
1016,98321,ᾧ,ὅς2,2
1017,98395,ὧν,ὅς2,2
1018,98432,ὥραν,ὥρα2,2
1019,98473,ἄνω,ἄνω2,2
1020,98921,οἷς,ὅς2,2
1021,98993,χρῆσθαι,χράω2,2
1022,99049,οἷς,ὅς2,2
1023,99159,χρώμενοι,χράω2,2
1024,99251,οἷς,ὅς2,2
1025,99348,ὅτι,ὅτι2,2
1026,99393,ὧν,ὅς2,2
1027,99551,ὧν,ὅς2,2
1028,99743,λείαν,λεία2,2
1029,100010,ὅτι,ὅτι2,2
1030,100155,ὧν,ὅς2,2
1031,100186,ὧν,ὅς2,2
1032,100207,δεηθέντες,δέω2,2
1033,100505,οἷς,ὅς2,2
1034,100557,ἧς,ὅς2,2
1035,100586,ὧν,ὅς2,2
1036,100639,ᾧ,ὅς2,2
1037,100777,ὅτι,ὅτι2,2
1038,100793,ἔθυεν,θύω2,2
1039,100822,ᾧ,ὅς2,2
1040,100857,ὃν,ὅς2,2
1041,100876,χρώμενος,χράω2,2
1042,100878,ὧν,ὅς2,2
1043,100954,χρῆσθαι,χράω2,2
1044,100982,οἷς,ὅς2,2
1045,101032,ἃ,ὅς2,2
1046,101280,ὅτι,ὅτι2,2
1047,101331,χρῆσθαι,χράω2,2
1048,101518,ὧν,ὅς2,2
1049,101564,πυρὰν,πυρά2,2
1050,101605,ὅτι,ὅτι2,2
1051,101652,χρώμενοι,χράω2,2
1052,101656,οὓς,ὅς2,2
1053,101783,οὗ,ὅς2,2
1054,101913,ὀξὺ,ὀξύς2,2
1055,101997,ὃν,ὅς2,2
1056,102240,χρώμενον,χράω2,2
1057,102282,προσιόντα,πρόσειμι2,2
1058,102369,οὗ,ὅς2,2
1059,102576,δεῖσθαι,δέω2,2
1060,102581,ἣν,ὅς2,2
1061,102622,ᾧ,ὅς2,2
1062,102663,χρῆσθαι,χράω2,2
1063,102705,ὅτι,ὅτι2,2
1064,102727,δεόμενον,δέω2,2
1065,102745,ὄγκον,ὄγκος2,2
1066,102750,χρῷτο,χράω2,2
1067,102925,ὥραν,ὥρα2,2
1068,102994,ὅτι,ὅτι2,2
1069,103113,περιιὼν,περίειμι2,2
1070,103177,ᾧ,ὅς2,2
1071,103201,οἷς,ὅς2,2
1072,103210,οἷς,ὅς2,2
1073,103506,ἣν,ὅς2,2
1074,103513,ὃν,ὅς2,2
1075,103713,οἷς,ὅς2,2
1076,103837,ἧς,ὅς2,2
1077,103844,ἧς,ὅς2,2
1078,103865,ἧς,ὅς2,2
1079,103923,λείαν,λεία2,2
1080,104343,ὧν,ὅς2,2
1081,104556,ὅτι,ὅτι2,2
1082,104641,δεόμενος,δέω2,2
1083,104647,ἃ,ὅς2,2
1084,104936,ὄγκου,ὄγκος2,2
1085,105275,οὗ,ὅς2,2
1086,105538,οἷς,ὅς2,2
1087,105563,ἄνω,ἄνω2,2
1088,105596,ἀπιόντα,ἄπειμι2,2
1089,105623,ὅτι,ὅτι2,2
1090,105710,ἃ,ὅς2,2
1091,105732,δεόμενον,δέω2,2
1092,105737,ὧν,ὅς2,2
1093,105868,ἧς,ὅς2,2
1094,105874,ἧς,ὅς2,2
1095,105982,ἣν,ὅς2,2
1096,106049,χρῆται,χράω2,2
1097,106223,ἄπεισιν,ἄπειμι2,2
1098,106225,ᾧ,ὅς2,2
1099,106450,ὅτι,ὅτι2,2
1100,106616,χρησόμενος,χράω2,2
1101,106644,ὀξέως,ὀξύς2,2
1102,106861,ᾧ,ὅς2,2
1103,106901,χρῆσθαι,χράω2,2
1104,106954,ὅτι,ὅτι2,2
1105,107104,χρῆσθαι,χράω2,2
1106,107258,πιστὰ,πιστός2,2
1107,107306,οἷς,ὅς2,2
1108,107571,ὧν,ὅς2,2
1109,107580,ὅτι,ὅτι2,2
1110,107596,χρησόμενος,χράω2,2
1111,107996,ὅτι,ὅτι2,2
1112,108056,δέοιτο,δέω2,2
1113,108072,πιστότατον,πιστός2,2
1114,108149,ἀπίους,ἄπιος2,2
1115,108194,ὅτι,ὅτι2,2
1116,108364,πιστῶς,πιστός2,2
1117,108372,ἤρα,ἐράω2,2
1118,108530,πιστῶς,πιστός2,2
1119,108535,ἐρῶντος,ἐράω2,2
1120,108566,ἧς,ὅς2,2
1121,109189,προσῄει,πρόσειμι2,2
1122,109222,δεόμενος,δέω2,2
1123,109363,ὅτι,ὅτι2,2
1124,109367,κύριος,κύριος2,2
1125,109604,ἀργὸς,ἀργός2,2
1126,109800,ἧς,ὅς2,2
1127,109822,χρῆσθαι,χράω2,2
1128,109838,οἷς,ὅς2,2
1129,109839,ἐχρῆτο,χράω2,2
1130,109840,πιστοῖς,πιστός2,2
1131,109919,δεομένων,δέω2,2
1132,110177,ἣν,ὅς2,2
1133,110247,ὧν,ὅς2,2
1134,110282,ὃν,ὅς2,2
1135,110416,χρώμενον,χράω2,2
1136,110532,ᾧ,ὅς2,2
1137,110614,οἷς,ὅς2,2
1138,111070,ὅτι,ὅτι2,2
1139,111209,ὧν,ὅς2,2
1140,111332,ὧν,ὅς2,2
1141,111364,συνιούσης,σύνειμι2,2
1142,111434,ὧν,ὅς2,2
1143,111478,δεόμενος,δέω2,2
1144,111542,ὅτι,ὅτι2,2
1145,111615,δεομένων,δέω2,2
1146,111627,οἷς,ὅς2,2
1147,111663,χρῆσθαι,χράω2,2
1148,111675,οἷς,ὅς2,2
1149,111679,ἐνδούσης,ἐνδέω2,2
1150,111724,οὓς,ὅς2,2
1151,112017,οὓς,ὅς2,2
1152,112139,ᾧ,ὅς2,2
1153,112332,ᾧ,ὅς2,2
1154,112405,ὅτι,ὅτι2,2
1155,112566,δέομαι,δέω2,2
1156,112635,οἷς,ὅς2,2
1157,112665,ἧς,ὅς2,2
1158,112671,ὧν,ὅς2,2
1159,112678,χρῆσθαι,χράω2,2
1160,112687,χρῆσθαι,χράω2,2
1161,112690,δεῖσθαι,δέω2,2
1162,112728,ἣν,ὅς2,2
1163,112768,ὅτι,ὅτι2,2
1164,112872,ὅτι,ὅτι2,2
1165,112929,ᾧ,ὅς2,2
1166,113009,ἃ,ὅς2,2
1167,113099,δεομένων,δέω2,2
1168,113144,δεομένοις,δέω2,2
1169,113298,ὅτι,ὅτι2,2
1170,113312,προσῄει,πρόσειμι2,2
1171,113331,ὄγκου,ὄγκος2,2
1172,113396,λείᾳ,λεία2,2
1173,113453,μετῄει,μέτειμι2,2
1174,113490,μετιοῦσι,μέτειμι2,2
1175,113519,οἷς,ὅς2,2
1176,113544,δεόμενον,δέω2,2
1177,113592,ὅτι,ὅτι2,2
1178,113680,οἷς,ὅς2,2
1179,113873,ὅτι,ὅτι2,2
1180,113874,δεῖ,δέω2,2
1181,113934,ἀπῄει,ἄπειμι2,2
1182,114121,ἃ,ὅς2,2
1183,114371,οὓς,ὅς2,2
1184,114495,ὥραν,ὥρα2,2
1185,114509,ὀξὺν,ὀξύς2,2
1186,114515,δεόμενον,δέω2,2
1187,114542,χρώμενοι,χράω2,2
1188,114664,χρώμενον,χράω2,2
1189,114709,χρῆσθαι,χράω2,2
1190,114832,ἐδέοντο,δέω2,2
1191,115046,ᾧ,ὅς2,2
1192,115074,σύνοδοι,σύνοδος2,2
1193,115215,ὅτι,ὅτι2,2
1194,115323,οὓς,ὅς2,2
1195,115356,ἃ,ὅς2,2
1196,115450,ἀπῄει,ἄπειμι2,2
1197,115497,ὅτι,ὅτι2,2
1198,115504,ὅτι,ὅτι2,2
1199,115593,ὄγκῳ,ὄγκος2,2
1200,115634,ἀπιὼν,ἄπειμι2,2
1201,115653,δεηθεὶς,δέω2,2
1202,115959,δεόμενος,δέω2,2
1203,116122,χρῆσαι,χράω2,2
1204,116230,ἐπιούσαις,ἔπειμι2,2
1205,116320,ὅτι,ὅτι2,2
1206,116390,ἀπῄει,ἄπειμι2,2
1207,116484,ἐχρῶντο,χράω2,2
1208,116516,ᾧ,ὅς2,2
1209,116591,ὃν,ὅς2,2
1210,116739,ἡνίας,ἡνία2,2
1211,116804,ὅτι,ὅτι2,2
1212,116961,ὅτι,ὅτι2,2
1213,117012,ᾧ,ὅς2,2
1214,117064,λείας,λεία2,2
1215,117071,χρωμένους,χράω2,2
1216,117268,κεχρημένον,χράω2,2
1217,117356,ᾧ,ὅς2,2
1218,117396,λείαν,λεία2,2
1219,117529,οὗ,ὅς2,2
1220,117617,οἷς,ὅς2,2
1221,117641,ὅτι,ὅτι2,2
1222,117770,πρεσβυτῶν,πρεσβύτης2,2
1223,117772,δεήσεις,δέω2,2
1224,117830,δεομένους,δέω2,2
1225,117872,ὄγκου,ὄγκος2,2
1226,117890,ὧν,ὅς2,2
1227,117891,δεόμενοι,δέω2,2
1228,117916,ὧν,ὅς2,2
1229,118080,οἷς,ὅς2,2
1230,118112,ἀργὸν,ἀργός2,2
1231,118121,ἐπιὼν,ἔπειμι2,2
1232,118259,ἃ,ὅς2,2
1233,118383,οἷς,ὅς2,2
1234,118609,δεομέναις,δέω2,2
1235,118671,ᾧ,ὅς2,2
1236,118901,δεηθῆναι,δέω2,2
1237,118916,ἧς,ὅς2,2
1238,118952,ὅτι,ὅτι2,2
1239,119066,ἣν,ὅς2,2
1240,119078,χρῆσθε,χράω2,2
1241,119147,προσιούσας,πρόσειμι2,2
1242,119499,ὅτι,ὅτι2,2
1243,119517,ὧν,ὅς2,2
1244,119542,ὅτι,ὅτι2,2
1245,119611,δεομένῃ,δέω2,2
1246,119688,δεομένην,δέω2,2
1247,119752,ἄπειμι,ἄπειμι2,2
1248,119895,θυόντων,θύω2,2
1249,120089,οἷς,ὅς2,2
1250,120531,ὅτι,ὅτι2,2
1251,120609,ὃν,ὅς2,2
1252,120656,ᾗ,ὅς2,2
1253,121010,ᾧ,ὅς2,2
1254,121307,ᾧ,ὅς2,2
1255,121458,δεηθεῖσα,δέω2,2
1256,121576,ὅτι,ὅτι2,2
1257,121588,ὃν,ὅς2,2
1258,121622,ὅτι,ὅτι2,2
1259,121644,θύουσιν,θύω2,2
1260,121771,θύουσι,θύω2,2
1261,121817,ὅτι,ὅτι2,2
1262,121970,ὧν,ὅς2,2
1263,121997,ᾧ,ὅς2,2
1264,122012,ὅτι,ὅτι2,2
1265,122042,πάροδον,πάροδος2,2
1266,122130,ὅτι,ὅτι2,2
1267,122178,χρῆσθαι,χράω2,2
1268,122236,ἐχρῶντο,χράω2,2
1269,122399,ἐδεῖτο,δέω2,2
1270,122596,πιστά,πιστός2,2
1271,122618,οἷς,ὅς2,2
1272,122656,ἃ,ὅς2,2
1273,122972,ὀξέως,ὀξύς2,2
1274,123077,ἀπορεῖν,ἀπορέω2,2
1275,123095,FHG,,1
1276,123096,III,,1
1277,123097,78,,1
1278,123231,ὅτι,ὅτι2,2
1279,123445,χρῆσθαι,χράω2,2
1280,123472,ὧν,ὅς2,2
1281,123501,πρόσεισιν,πρόσειμι2,2
1282,123660,ὃν,ὅς2,2
1283,123687,ὀξεῖς,ὀξύς2,2
1284,123695,ὅτι,ὅτι2,2
1285,123766,ἐχρῶντο,χράω2,2
1286,123779,ἧς,ὅς2,2
1287,123797,ᾧ,ὅς2,2
1288,123925,ὅτι,ὅτι2,2
1289,123959,ἔθυον,θύω2,2
1290,124029,σύνοδον,σύνοδος2,2
1291,124038,ἣν,ὅς2,2
1292,124107,ὥραν,ὥρα2,2
1293,124208,ὥρας,ὥρα2,2
1294,124211,ἣν,ὅς2,2
1295,124245,ὥρας,ὥρα2,2
1296,124324,λογάδας,λογάς2,2
1297,124335,ἐχρῆτο,χράω2,2
1298,124378,ὅτι,ὅτι2,2
1299,124486,χρῆσθαι,χράω2,2
1300,124530,χρώμενοι,χράω2,2
1301,124715,ὅτι,ὅτι2,2
1302,124749,δεόμενον,δέω2,2
1303,124765,ὧν,ὅς2,2
1304,124993,ὧν,ὅς2,2
1305,125103,ὃν,ὅς2,2
1306,125253,ὅτι,ὅτι2,2
1307,125288,ὧν,ὅς2,2
1308,125320,ἐχρῶντο,χράω2,2
1309,125454,ὧν,ὅς2,2
1310,125739,ὧν,ὅς2,2
1311,125975,ὄγκον,ὄγκος2,2
1312,126103,ᾧ,ὅς2,2
1313,126139,οὓς,ὅς2,2
1314,126148,ἃ,ὅς2,2
1315,126211,δεομένοις,δέω2,2
1316,126220,δέονται,δέω2,2
1317,126254,ὧν,ὅς2,2
1318,126343,ὧν,ὅς2,2
1319,126480,ἧς,ὅς2,2
1320,126522,ᾧ,ὅς2,2
1321,126533,ὀξὺν,ὀξύς2,2
1322,126628,χρώμενος,χράω2,2
1323,126673,οἷς,ὅς2,2
1324,126708,ᾧ,ὅς2,2
1325,126717,δεήσαντος,δέω2,2
1326,126833,ὃν,ὅς2,2
1327,127156,δεομένων,δέω2,2
1328,127191,δεομένοις,δέω2,2
1329,127360,ὅτι,ὅτι2,2
1330,127421,ὧν,ὅς2,2
1331,127546,ὅτι,ὅτι2,2
1332,127612,προσιόντι,πρόσειμι2,2
1333,127747,ὧν,ὅς2,2
1334,127880,ὃν,ὅς2,2
1335,128036,θύειν,θύω2,2
1336,128070,ᾧ,ὅς2,2
1337,128191,θύεσθαι,θύω2,2
1338,128193,χρωμένων,χράω2,2
1339,128207,χρῶνται,χράω2,2
1340,128353,ὧν,ὅς2,2
1341,128403,θύεσθαι,θύω2,2
1342,128548,ἐχρῶντο,χράω2,2
1343,128572,θύοντα,θύω2,2
1344,128688,χρώμενον,χράω2,2
1345,128756,λείαν,λεία2,2
1346,128888,οὓς,ὅς2,2
1347,129068,ὅτι,ὅτι2,2
1348,129184,ὅτι,ὅτι2,2
1349,129191,οὓς,ὅς2,2
1350,129211,θύσειεν,θύω2,2
1351,129241,δεηθέντες,δέω2,2
1352,129257,ἣν,ὅς2,2
1353,129300,πρεσβύτην,πρεσβύτης2,2
1354,129316,θύοντες,θύω2,2
1355,129379,ὄγκον,ὄγκος2,2
1356,129393,χρώμενος,χράω2,2
1357,129410,ᾧ,ὅς2,2
1358,129463,οὓς,ὅς2,2
1359,129468,δῆσαι,δέω2,2
1360,129491,χρῆσθαι,χράω2,2
1361,130036,πιστὸν,πιστός2,2
1362,130068,προσιὼν,πρόσειμι2,2
1363,130161,ὅτι,ὅτι2,2
1364,130181,πιστὰ,πιστός2,2
1365,130254,μετιόντων,μέτειμι2,2
1366,130329,πῶμα,πῶμα2,2
1367,130362,οἷς,ὅς2,2
1368,130471,ὅτι,ὅτι2,2
1369,130617,ὅτι,ὅτι2,2
1370,130701,θύειν,θύω2,2
1371,130880,ἀποροῦσι,ἀπορέω2,2
1372,131054,χρῶνται,χράω2,2
1373,131080,χρῆσθαι,χράω2,2
1374,131259,χρῆσθαι,χράω2,2
1375,131295,ἧς,ὅς2,2
1376,131398,ὅτι,ὅτι2,2
1377,131539,ἃ,ὅς2,2
1378,131856,ὃν,ὅς2,2
1379,131882,ἠπορημένον,ἀπορέω2,2
1380,132002,χρώμενος,χράω2,2
1381,132099,ὄγκον,ὄγκος2,2
1382,132121,ὃν,ὅς2,2
1383,132141,ὅτι,ὅτι2,2
1384,132263,ἀπῄει,ἄπειμι2,2
1385,132432,ἣν,ὅς2,2
1386,132483,ὅτι,ὅτι2,2
1387,132502,ᾧ,ὅς2,2
1388,132522,ὀξὺν,ὀξύς2,2
1389,132661,ὧν,ὅς2,2
1390,132885,οἷς,ὅς2,2
1391,132915,ὄγκου,ὄγκος2,2
1392,132965,κόρον,κόρος4,2
1393,132979,παριὼν,πάρειμι2,2
1394,133009,ὧν,ὅς2,2
1395,133040,ἧς,ὅς2,2
1396,133143,οἷς,ὅς2,2
1397,133398,ὅτι,ὅτι2,2
1398,133429,ἃ,ὅς2,2
1399,133539,ὧν,ὅς2,2
1400,133550,δεομένῳ,δέω2,2
1401,133606,ἐχρῆτο,χράω2,2
1402,133614,ἧς,ὅς2,2
1403,133816,οὓς,ὅς2,2
1404,133846,ὥραν,ὥρα2,2
1405,134077,οἷς,ὅς2,2
1406,134300,ἡνίας,ἡνία2,2
1407,134391,ἣν,ὅς2,2
1408,134575,ὅτι,ὅτι2,2
1409,134639,ὧν,ὅς2,2
1410,134902,ὧν,ὅς2,2
1411,135103,ἄνω,ἄνω2,2
1412,135328,χρώμενος,χράω2,2
1413,135777,χρώμενος,χράω2,2
1414,135956,ὧν,ὅς2,2
1415,135972,ἧς,ὅς2,2
1416,136081,ὥρᾳ,ὥρα2,2
1417,136137,ἀργῶς,ἀργός2,2
1418,136164,ἣν,ὅς2,2
1419,136388,δεῖσθαι,δέω2,2
1420,136481,ἃ,ὅς2,2
1421,136528,ὧν,ὅς2,2
1422,136555,ἐπῄεσαν,ἔπειμι2,2
1423,136879,ᾧ,ὅς2,2
1424,136947,ἔφοδον,ἔφοδος3,2
1425,137043,ὧν,ὅς2,2
1426,137044,ἐδέοντο,δέω2,2
1427,137166,ὃν,ὅς2,2
1428,137275,ἣν,ὅς2,2
1429,137304,ὅτι,ὅτι2,2
1430,137328,οὓς,ὅς2,2
1431,137392,χρώμενον,χράω2,2
1432,137399,ὃν,ὅς2,2
1433,137448,ὧν,ὅς2,2
1434,137490,ἧς,ὅς2,2
1435,137542,ὧν,ὅς2,2
1436,137549,ὅτι,ὅτι2,2
1437,137563,οἷς,ὅς2,2
1438,137583,ᾧ,ὅς2,2
1439,137636,ὅτι,ὅτι2,2
1440,137665,ὅτι,ὅτι2,2
1441,137719,ὅτι,ὅτι2,2
1442,137879,ὅτι,ὅτι2,2
1443,138018,οὗ,ὅς2,2
1444,138137,δεηθείσης,δέω2,2
1445,138302,ἣν,ὅς2,2
1446,138468,ἐχρῶντο,χράω2,2
1447,138682,ὃν,ὅς2,2
1448,138708,οἷς,ὅς2,2
1449,138803,ὧν,ὅς2,2
1450,138836,ἣν,ὅς2,2
1451,139221,ὅτι,ὅτι2,2
1452,139308,ὧν,ὅς2,2
1453,139467,ᾧ,ὅς2,2
1454,139613,ὅτι,ὅτι2,2
1455,139651,χρώμενοι,χράω2,2
1456,139891,ὅτι,ὅτι2,2
1457,139904,πρεσβύτου,πρεσβύτης2,2
1458,140140,δεηθεὶς,δέω2,2
1459,140239,ᾧ,ὅς2,2
1460,140326,ὅτι,ὅτι2,2
1461,140463,χρῆται,χράω2,2
1462,140490,ἐχρῆτο,χράω2,2
1463,140508,δεόμενοι,δέω2,2
1464,140515,ἀπειλοῦντες,ἀπειλέω2,2
1465,140684,ὧν,ὅς2,2
1466,140720,ὅτι,ὅτι2,2
1467,140783,ἧς,ὅς2,2
1468,140827,ὥρᾳ,ὥρα2,2
1469,140870,χρώμενος,χράω2,2
1470,141005,ὅτι,ὅτι2,2
1471,141109,ὧν,ὅς2,2
1472,141278,οὓς,ὅς2,2
1473,141551,ὃν,ὅς2,2
1474,141720,δεῖσθαι,δέω2,2
1475,141759,ὀξεῖαν,ὀξύς2,2
1476,141813,ὅτι,ὅτι2,2
1477,141883,ἃ,ὅς2,2
1478,141922,ὅτι,ὅτι2,2
1479,141975,ἣν,ὅς2,2
1480,142082,ᾧ,ὅς2,2
1481,142099,χρώμενον,χράω2,2
1482,142189,ὄγκῳ,ὄγκος2,2
1483,142227,ἣν,ὅς2,2
